id;type;request;response;status;reason;process_start_time;process_end_time
1;AI Maserati satiate;Touring Central;Plastic Gender;scalable instead;merrily;2023-06-20;2023-06-20
2;Hafnium invoice error;Inverse windy;Northeast;Account technologies;plum;2023-06-20;2023-06-20
3;celebrated;Global;Bicycle Investment;ah Bronze;bruised;2023-06-20;2023-06-20
4;grey;careen CLI Rhode;kilogram generate North;bypassing;Platinum yippee female;2023-06-21;2023-06-20
5;District;communities Legacy;Fantastic Tactics matrix;trash District;infomediaries;2023-06-20;2023-06-20
6;giddy;Supervisor Bicycle;if Officer if;Female Kuwait;Forrest olive parse;2023-06-20;2023-06-20
7;against SAS Christi;chubby to granular;frightening;tesla;Cassin Lawrencium;2023-06-21;2023-06-21
8;beatae;Czech;capability;North Bicycle;Bronze Coupe;2023-06-20;2023-06-20
9;New;azure Quality wrangle;Bicycle;AI Hatchback;Springfield;2023-06-20;2023-06-20
10;toward;sievert;velit transmitter Southwest;application;lest Keyboard alliance;2023-06-20;2023-06-20
